Date,Contro_Posts,Avg _comments,Avg_votes,Avg_posts
20-01-2020,0,3.003460532,3.733036683,0.698970004
21-01-2020,0.301029996,3.44684771,4.463609336,1.255272505
22-01-2020,0.477121255,3.718501689,4.638039754,1.380211242
23-01-2020,0.698970004,3.762078087,4.827563111,1.826074803
24-01-2020,0.84509804,3.916559219,4.906690522,1.857332496
25-01-2020,1,3.931457871,4.966662574,2.053078443
26-01-2020,1.176091259,4.11437743,5.005137596,2.06069784
27-01-2020,1.301029996,4.225774348,5.056031575,2.071882007
28-01-2020,1.431363764,4.273996114,5.09152979,2.089905111
29-01-2020,1.556302501,4.287667391,5.11510104,2.127104798
30-01-2020,1.672097858,4.375059754,5.13734145,2.133538908
31-01-2020,2.195899652,4.379504939,5.138997014,2.139879086
01-02-2020,2.426511261,4.385373873,5.14047976,2.1430148
02-02-2020,2.57863921,4.392169149,5.142527117,2.149219113
03-02-2020,2.703291378,4.400865961,5.144297042,2.152288344
04-02-2020,2.80140371,4.409916224,5.145609675,2.155336037
05-02-2020,2.883661435,4.417770531,5.146528023,2.158362492
06-02-2020,2.953759692,4.426998959,5.148534791,2.161368002
07-02-2020,3.019946682,4.433289685,5.149988456,2.164352856
08-02-2020,3.098643726,4.43725893,5.151136856,2.167317335
09-02-2020,3.167612673,4.437338263,5.15195791,2.309630167
10-02-2020,3.22762965,4.437465166,5.152817128,2.376576957
11-02-2020,3.280805928,4.437639598,5.153677697,2.421603927
12-02-2020,3.329397879,4.437718861,5.154341793,2.489958479
13-02-2020,3.373463722,4.43806745,5.154773824,2.499687083
14-02-2020,3.413802517,4.4381308,5.155521256,2.582063363
15-02-2020,3.452246575,4.439601084,5.156306799,2.58546073
16-02-2020,3.456973014,4.449185171,5.161098356,2.588831726
17-02-2020,3.459693976,4.460882815,5.172985106,2.59439255
18-02-2020,3.462397998,4.465367978,5.184237029,2.608526034
19-02-2020,3.508933526,4.465412597,5.184770902,2.669316881
20-02-2020,3.55339751,4.465486951,5.185270104,2.699837726
21-02-2020,3.596157081,4.465591025,5.185746081,2.721810615
22-02-2020,3.635885685,4.465635621,5.186116868,2.757396029
23-02-2020,3.674309889,4.465813957,5.186345974,2.762678564
24-02-2020,3.710625015,4.465843673,5.186733201,2.809559715
25-02-2020,3.744762237,4.466630398,5.187151131,2.811575006
26-02-2020,3.776555911,4.467297256,5.187481238,2.813580989
27-02-2020,3.806451323,4.467770843,5.187960433,2.816903839
28-02-2020,3.8359441,4.467948305,5.18823925,2.822168079
29-02-2020,3.865932668,4.468450722,5.188430657,2.823474229
01-03-2020,3.89619541,4.468908301,5.188574157,2.824776462
02-03-2020,3.922932957,4.469571672,5.190813358,2.836324116
03-03-2020,3.92319219,4.522287703,5.345998743,2.847572659
04-03-2020,3.923554858,4.547319257,5.416515692,2.859738566
05-03-2020,3.9240207,4.554658726,5.444815843,2.876794976
06-03-2020,3.924589386,4.579966419,5.503687202,2.8876173
07-03-2020,3.925208921,4.593441145,5.539665636,2.900367129
08-03-2020,3.926290987,4.617817807,5.566255958,2.90579588
09-03-2020,3.927780849,4.627417068,5.581124409,2.913283902
10-03-2020,3.930643441,4.633922712,5.593210724,2.922206277
11-03-2020,3.934144812,4.640153356,5.605802637,2.931966115
12-03-2020,3.937768567,4.648759963,5.620479605,2.940018155
13-03-2020,3.942652812,4.655455393,5.635942931,2.950851459
14-03-2020,3.947531746,4.66142458,5.644691608,2.957607287
15-03-2020,3.95240494,4.668497738,5.661596904,2.968482949
16-03-2020,3.957511511,4.673536959,5.673349961,2.979092901
17-03-2020,3.962653405,4.677935287,5.682575546,2.988558957
18-03-2020,3.967828679,4.683956122,5.692685681,2.996073654
19-03-2020,3.972943008,4.689761568,5.705113308,3.005609445
20-03-2020,3.97799781,4.69409603,5.713481303,3.014100322
21-03-2020,3.983084773,4.697150849,5.719451447,3.022428371
22-03-2020,3.988737275,4.703136552,5.730756443,3.030599722
23-03-2020,3.994405147,4.707800036,5.740084652,3.039017322
24-03-2020,4.000173683,4.712784346,5.751483883,3.048830087
25-03-2020,4.005952287,4.716404046,5.758939886,3.057666104
26-03-2020,4.01224652,4.719836565,5.765405515,3.065579715
27-03-2020,4.02094106,4.722296555,5.770746738,3.074450719
28-03-2020,4.029789471,4.724177528,5.774605275,3.08278537
29-03-2020,4.038540686,4.725397031,5.777684133,3.093071306
30-03-2020,4.04719696,4.727492457,5.782074697,3.101403351
31-03-2020,4.055913224,4.729723503,5.786069641,3.108226656
01-04-2020,4.064532861,4.731467887,5.788971144,3.114610984
02-04-2020,4.073058161,4.733999287,5.793067822,3.120902818
03-04-2020,4.081779227,4.736340718,5.796991084,3.127104798
04-04-2020,4.092860943,4.737907923,5.799395005,3.13289977
05-04-2020,4.104213884,4.738740931,5.801108591,3.140508043
06-04-2020,4.115943177,4.740102035,5.803080701,3.145817714
07-04-2020,4.128076013,4.74078099,5.804467245,3.1532049
08-04-2020,4.140130778,4.741765955,5.805991286,3.158663981
09-04-2020,4.152532948,4.742442316,5.807183121,3.164650216
10-04-2020,4.164947373,4.743117625,5.808392623,3.170848204
11-04-2020,4.177247836,4.743854555,5.809476214,3.175801633
12-04-2020,4.189265669,4.744292983,5.810305118,3.182129214
13-04-2020,4.201069231,4.744801319,5.811491892,3.189770956
14-04-2020,4.212720154,4.74533248,5.812290867,3.194791758
15-04-2020,4.224895471,4.745769419,5.81314848,3.201123897
16-04-2020,4.237995893,4.746252662,5.813835087,3.205475037
17-04-2020,4.250810204,4.746525222,5.8142003,3.209783015
18-04-2020,4.263872677,4.746929854,5.815096039,3.216693599
19-04-2020,4.276737459,4.747248625,5.815590365,3.221414238
20-04-2020,4.293053023,4.747722462,5.816459387,3.22685757
21-04-2020,4.311287539,4.747939788,5.81688795,3.232742063
22-04-2020,4.333427121,4.748505876,5.817187759,3.234264124
23-04-2020,4.359418056,4.749117662,5.817198345,3.234264124
